,City,Lat,Lng,Max Temp,Humidity,Cloudiness,Wind Speed,Country,Date
0,George Town,5.4112,100.3354,77.9,86,20,3.44,MY,1629674739
1,Kapaa,22.0752,-159.319,88.12,64,20,5.01,US,1629674740
2,Punta Arenas,-53.15,-70.9167,37.51,93,90,13.8,CL,1629674636
3,Ponta do Sol,32.6667,-17.1,72.72,78,0,3.22,PT,1629674744
4,Independence,39.0911,-94.4155,88.95,68,20,1.99,US,1629674488
5,Alice Springs,-23.7,133.8833,60.35,48,11,19.57,AU,1629674747
6,Saint Paul Harbor,57.79,-152.4072,56.71,94,90,8.05,US,1629674748
7,Katherine,-14.4667,132.2667,77.32,53,0,5.75,AU,1629674750
8,Lebu,-37.6167,-73.65,46.58,74,63,3.96,CL,1629674751
9,Port Lincoln,-34.7333,135.8667,52.97,60,61,21.65,AU,1629674754
10,Muros,42.7762,-9.0603,72.23,78,2,11.86,ES,1629674754
11,Jamestown,42.097,-79.2353,78.44,71,20,3.0,US,1629674500
12,Panvel,18.9833,73.1,78.87,89,66,4.32,IN,1629674755
13,Yamoussoukro,6.8206,-5.2767,75.09,94,75,6.91,CI,1629674755
14,Bredasdorp,-34.5322,20.0403,45.72,93,0,2.3,ZA,1629674756
15,Dikson,73.5069,80.5464,40.33,92,100,4.34,RU,1629674757
16,Upernavik,72.7868,-56.1549,38.39,91,97,14.99,GL,1629674757
17,Qaanaaq,77.484,-69.3632,34.61,75,11,1.32,GL,1629674758
18,Garoua,9.3,13.4,75.6,100,0,3.44,CM,1629674759
19,Ushuaia,-54.8,-68.3,35.26,69,40,2.3,AR,1629674597
20,Albany,42.6001,-73.9662,74.55,94,97,1.01,US,1629674519
21,Usogorsk,63.4106,48.6872,60.6,97,85,10.25,RU,1629674760
22,Atuona,-9.8,-139.0333,77.38,74,6,18.9,PF,1629674761
23,Bathsheba,13.2167,-59.5167,83.01,83,40,19.57,BB,1629674761
24,Westport,41.1415,-73.3579,73.76,95,90,3.0,US,1629674762
25,Mataura,-46.1927,168.8643,55.47,68,100,4.92,NZ,1629674762
26,Bluff,-46.6,168.3333,55.8,77,100,13.6,NZ,1629674763
27,Webuye,0.6075,34.7697,58.66,81,41,4.97,KE,1629674763
28,Kununurra,-15.7667,128.7333,80.51,23,0,1.72,AU,1629674766
29,Aldan,58.6031,125.3894,54.57,98,100,3.51,RU,1629674767
30,Granada,37.25,-3.25,76.12,39,83,4.94,ES,1629674590
31,Butaritari,3.0707,172.7902,82.83,70,41,10.0,KI,1629674768
32,Cape Town,-33.9258,18.4232,52.12,93,0,3.44,ZA,1629674694
33,Malibu,34.005,-118.8101,87.28,76,30,10.0,US,1629674585
34,Kruisfontein,-34.0033,24.7314,44.89,86,0,3.58,ZA,1629674775
35,Airai,-8.9266,125.4092,62.26,62,41,2.82,TL,1629674776
36,Yangi Marg`ilon,40.4272,71.7189,75.92,41,6,9.22,UZ,1629674776
37,Tuktoyaktuk,69.4541,-133.0374,48.2,93,90,8.05,CA,1629674777
38,Yellowknife,62.456,-114.3525,57.72,47,20,5.75,CA,1629674779
39,Okha,53.5739,142.9478,64.54,72,7,12.3,RU,1629674780
40,Tuatapere,-46.1333,167.6833,55.81,75,100,7.38,NZ,1629674780
41,Bethel,41.3712,-73.414,72.36,94,100,1.99,US,1629674781
42,Rikitea,-23.1203,-134.9692,68.79,58,59,16.31,PF,1629674782
43,Port Alfred,-33.5906,26.891,56.43,78,0,5.86,ZA,1629674782
44,Castro,-24.7911,-50.0119,63.39,48,0,2.26,BR,1629674783
45,Quimper,48.0,-4.1,59.83,100,0,3.44,FR,1629674784
46,Celestún,20.8667,-90.4,84.49,74,72,19.46,MX,1629674784
47,Arrondissement de Saint-Denis,48.9167,2.3333,63.21,83,0,3.44,FR,1629674785
48,Novomikhaylovskiy,44.2581,38.8578,69.73,90,8,8.34,RU,1629674786
49,Klaksvík,62.2266,-6.589,52.72,97,100,4.0,FO,1629674786
50,Souillac,-20.5167,57.5167,70.18,64,75,6.91,MU,1629674787
51,Barrow,71.2906,-156.7887,35.62,69,90,13.8,US,1629674788
52,Vaini,-21.2,-175.2,69.71,76,10,18.97,TO,1629674788
53,Nanortalik,60.1432,-45.2371,47.46,77,35,2.91,GL,1629674789
54,Busselton,-33.65,115.3333,41.09,79,0,9.93,AU,1629674789
55,Huanren,41.2647,125.3667,64.85,99,100,5.37,CN,1629674790
56,Fortuna,40.5982,-124.1573,79.41,67,1,7.0,US,1629674791
57,Karratha,-20.7377,116.8463,69.4,60,1,8.97,AU,1629674792
58,Mount Gambier,-37.8333,140.7667,46.31,93,75,3.44,AU,1629674792
59,La Foa,-21.7108,165.8276,75.06,57,5,3.56,NC,1629674793
60,New Norfolk,-42.7826,147.0587,49.91,71,86,3.44,AU,1629674794
61,Ribeira Grande,38.5167,-28.7,75.18,91,67,20.87,PT,1629674794
62,Chenzhou,25.8,113.0333,78.4,86,100,5.1,CN,1629674795
63,Carnarvon,-24.8667,113.6333,55.47,45,60,10.36,AU,1629674796
64,Pisco,-13.7,-76.2167,64.02,77,0,8.05,PE,1629674796
65,Wajima,37.4,136.9,77.68,100,75,5.75,JP,1629674797
66,Carauari,-4.8828,-66.8958,82.45,62,57,3.62,BR,1629674797
67,Puerto Ayora,-0.7393,-90.3518,72.55,88,95,7.0,EC,1629674798
68,Bengkulu,-3.8004,102.2655,74.12,92,98,5.84,ID,1629674799
69,Hermanus,-34.4187,19.2345,51.91,79,0,3.94,ZA,1629674800
70,Deep River,46.1001,-77.4995,80.94,89,100,2.01,CA,1629674800
71,Tasiilaq,65.6145,-37.6368,44.76,94,82,3.04,GL,1629674801
72,Saint-Philippe,-21.3585,55.7679,63.95,69,0,8.97,RE,1629674802
73,Tiksi,71.6872,128.8694,40.51,97,100,4.85,RU,1629674803
74,Acajutla,13.5928,-89.8275,93.54,78,86,11.63,SV,1629674803
75,Sheridan,44.8333,-106.9173,81.46,26,1,4.0,US,1629674743
76,San Patricio,28.017,-97.5169,95.09,48,30,14.29,US,1629674804
77,Cranbrook,49.4999,-115.7688,64.24,55,75,17.27,CA,1629674805
78,Namatanai,-3.6667,152.4333,83.52,69,69,2.89,PG,1629674591
79,Yambio,4.5721,28.3955,66.0,98,98,1.01,SS,1629674806
80,Sunrise Manor,36.2111,-115.0731,101.82,4,1,14.97,US,1629674806
81,Mahébourg,-20.4081,57.7,70.09,64,75,6.91,MU,1629674806
82,Eston,51.1501,-108.7514,67.89,74,100,16.64,CA,1629674807
83,Praia da Vitória,38.7333,-27.0667,75.76,83,40,20.2,PT,1629674808
84,Necochea,-38.5473,-58.7368,45.03,80,74,8.32,AR,1629674810
85,Henties Bay,-22.116,14.2845,54.86,84,2,4.59,NA,1629674811
86,Hithadhoo,-0.6,73.0833,81.97,70,39,10.07,MV,1629674811
87,Ilulissat,69.2167,-51.1,46.42,71,38,2.3,GL,1629674812
88,Saint George,37.1041,-113.5841,99.19,18,1,1.01,US,1629674766
89,Raudeberg,61.9875,5.1352,52.47,92,25,13.87,NO,1629674814
90,Sibolga,1.7427,98.7792,76.08,80,100,2.77,ID,1629674814
91,Manitouwadge,49.1215,-85.8403,66.92,42,17,0.87,CA,1629674815
92,Hobart,-42.8794,147.3294,50.25,76,75,4.0,AU,1629674815
93,The Valley,18.217,-63.0578,84.34,79,40,13.8,AI,1629674815
94,Batié,9.8833,-2.9167,72.36,92,97,4.47,BF,1629674816
95,Yar-Sale,66.8333,70.8333,57.31,86,99,6.69,RU,1629674818
96,Xiaoweizhai,26.1903,107.5125,72.55,97,100,4.7,CN,1629674819
97,Nishihara,26.1842,127.7558,85.28,88,75,10.36,JP,1629674821
98,Marang,5.2056,103.2059,75.11,89,100,3.11,MY,1629674822
99,Oeiras do Pará,-2.0031,-49.8544,81.1,65,45,5.1,BR,1629674824
100,Uinskoye,56.8817,56.5813,69.26,53,98,6.35,RU,1629674825
101,Codrington,-38.2667,141.9667,49.35,73,77,14.41,AU,1629674826
102,Ciudad del Carmen,18.6333,-91.8333,82.44,89,75,11.5,MX,1629674811
103,Vao,-22.6667,167.4833,68.02,58,46,17.2,NC,1629674828
104,Hilo,19.7297,-155.09,86.29,72,40,18.41,US,1629674598
105,Ati,13.2154,18.3353,72.16,88,100,25.95,TD,1629674831
106,Winnemucca,40.973,-117.7357,86.05,12,90,12.66,US,1629674832
107,Iqaluit,63.7506,-68.5145,40.73,93,90,27.63,CA,1629674833
108,Dingle,10.9995,122.6711,77.76,87,100,2.62,PH,1629674834
109,Rundu,-17.9333,19.7667,65.41,24,0,6.17,NA,1629674835
110,Arraial do Cabo,-22.9661,-42.0278,70.9,83,0,26.69,BR,1629674836
111,Wichian Buri,15.6578,101.106,76.93,88,92,2.33,TH,1629674838
112,Aitape,-3.1374,142.3475,80.44,69,99,2.26,PG,1629674591
113,Bambous Virieux,-20.3428,57.7575,70.05,64,75,6.91,MU,1629674840
114,Aklavik,68.2191,-135.0107,56.23,56,96,5.44,CA,1629674841
115,Haines Junction,60.7522,-137.5108,62.55,34,7,3.44,CA,1629674842
116,Natal,-5.795,-35.2094,77.65,88,75,9.22,BR,1629674842
117,Spanish Town,17.9911,-76.9574,85.62,77,20,19.57,JM,1629674842
118,Lüderitz,-26.6481,15.1594,56.73,57,0,6.08,NA,1629674843
119,Sechura,-5.5569,-80.8222,70.05,67,50,17.13,PE,1629674845
120,Tommot,58.9564,126.2925,58.44,97,100,2.26,RU,1629674846
121,Mehrān,33.1222,46.1646,87.28,10,0,7.56,IR,1629674848
122,Huandacareo,19.9833,-101.2833,66.15,97,97,2.95,MX,1629674849
123,Soe,-9.8607,124.284,66.36,68,18,3.67,ID,1629674850
124,Scarborough,54.2797,-0.4044,60.08,91,85,1.01,GB,1629674851
125,Broome,42.2506,-75.833,79.38,92,40,3.0,US,1629674851
126,Samarai,-10.6167,150.6667,80.82,79,57,11.01,PG,1629674851
127,Kamina,-8.7386,24.9906,70.21,59,71,3.71,CD,1629674852
128,Omsukchan,62.5333,155.8,68.36,64,98,6.11,RU,1629674853
129,Puerto Escondido,15.85,-97.0667,79.63,69,90,4.61,MX,1629674576
130,Am Timan,11.0297,20.2827,73.06,92,98,3.15,TD,1629674856
131,Ostrovnoy,68.0531,39.5131,44.96,82,100,16.15,RU,1629674857
132,Saint-François,46.4154,3.9054,62.19,84,90,3.44,FR,1629674858
133,Kodinsk,58.6881,99.1844,46.47,78,67,2.57,RU,1629674858
134,Fort Smith,35.3859,-94.3986,100.38,46,1,8.05,US,1629674819
135,Khatanga,71.9667,102.5,46.67,85,100,10.63,RU,1629674859
136,East London,-33.0153,27.9116,59.52,72,62,6.87,ZA,1629674860
137,Ancud,-41.8697,-73.8203,40.53,74,60,6.06,CL,1629674860
138,Prince Rupert,54.3161,-130.3201,60.89,85,1,5.75,CA,1629674595
139,Tianpeng,30.9866,103.9393,66.67,91,100,2.51,CN,1629674860
140,Kaitangata,-46.2817,169.8464,52.32,69,92,5.03,NZ,1629674861
141,Srednekolymsk,67.45,153.6833,59.54,62,100,6.93,RU,1629674863
142,Whitefish,48.4111,-114.3376,71.89,45,1,10.36,US,1629674633
143,Bilma,18.6853,12.9164,92.21,12,12,4.07,NE,1629674864
144,Bali,-8.5,115.0,76.17,84,100,6.17,ID,1629674864
145,Muroto-misakicho,33.2833,134.15,80.64,89,100,8.97,JP,1629674865
146,Chapais,49.7834,-74.8492,74.98,64,99,5.88,CA,1629674865
147,Norman Wells,65.282,-126.8329,55.44,88,90,10.36,CA,1629674866
148,Kathmandu,27.7167,85.3167,68.22,100,75,2.3,NP,1629674735
149,Ruthin,53.1137,-3.3178,62.17,96,38,3.65,GB,1629674866
150,Mīzan Teferī,6.9833,35.5833,60.21,94,97,2.44,ET,1629674867
151,Arlit,18.7369,7.3853,97.5,13,36,9.8,NE,1629674867
152,Tongchuanshi,35.0806,109.0897,67.24,82,3,1.9,CN,1629674868
153,Kiryat Gat,31.61,34.7642,79.48,77,0,4.0,IL,1629674821
154,Allanridge,-27.7543,26.6438,52.61,85,7,4.59,ZA,1629674869
155,Saskylakh,71.9167,114.0833,47.61,69,100,6.44,RU,1629674869
156,Hasaki,35.7333,140.8333,79.2,89,100,12.59,JP,1629674870
157,Nicoya,10.1483,-85.452,74.75,90,98,3.53,CR,1629674872
158,Husavik,66.0449,-17.3389,49.91,78,100,3.24,IS,1629674873
159,Padang,-0.9492,100.3543,73.45,85,97,3.94,ID,1629674874
160,Cockburn Town,21.4612,-71.1419,84.16,74,40,12.66,TC,1629674875
161,Mandera,3.9366,41.867,77.45,67,2,22.08,KE,1629674875
162,Hokitika,-42.7167,170.9667,52.97,90,100,7.07,NZ,1629674847
163,Itoman,26.1247,127.6694,86.02,82,75,13.8,JP,1629674876
164,Rawson,-43.3002,-65.1023,41.7,92,100,36.01,AR,1629674876
165,Vostok,46.4856,135.8833,67.35,75,99,5.03,RU,1629674877
166,Teacapan,22.55,-105.75,84.29,83,86,12.33,MX,1629674878
167,Resavica,44.0408,21.5816,65.93,46,8,3.8,RS,1629674878
168,Saint-Augustin,51.226,-58.6502,57.94,74,80,13.24,CA,1629674879
169,Leningradskiy,69.3833,178.4167,34.57,95,100,6.51,RU,1629674881
170,Måløy,61.9353,5.1136,53.33,92,21,12.75,NO,1629674885
171,Mandalgovi,45.7625,106.2708,45.27,77,86,9.62,MN,1629674886
172,Takoradze,4.8845,-1.7554,75.6,88,18,3.18,GH,1629674888
173,Katsuura,35.1333,140.3,80.71,91,100,8.28,JP,1629674889
174,Chui,-33.6971,-53.4616,55.83,90,37,9.28,UY,1629674889
175,Zabid,14.1951,43.3152,88.86,60,85,6.2,YE,1629674889
176,Siddipet,18.1,78.85,72.9,91,15,7.05,IN,1629674891
177,Tevaitoa,-16.7833,-151.5,78.17,80,12,17.74,PF,1629674894
178,Mar del Plata,-38.0023,-57.5575,44.62,100,40,3.44,AR,1629674894
179,San Lorenzo,-25.3333,-57.5333,76.14,53,0,2.3,PY,1629674742
180,Longyearbyen,78.2186,15.6401,39.04,75,75,5.75,SJ,1629674897
181,Rocha,-34.4833,-54.3333,52.14,86,48,8.23,UY,1629674898
182,Touros,-5.1989,-35.4608,77.9,84,11,16.6,BR,1629674898
183,Tura,25.5198,90.2201,73.51,98,97,5.39,IN,1629674899
184,Hołoby,51.0865,25.0077,54.05,67,88,5.77,UA,1629674899
185,Nemuro,43.3236,145.575,58.41,93,100,10.36,JP,1629674899
186,Bagdarin,54.4333,113.6,51.21,92,84,3.91,RU,1629674900
187,Saint-Pierre,-21.3393,55.4781,64.04,61,0,8.05,RE,1629674900
188,Cherskiy,68.75,161.3,59.45,57,57,9.46,RU,1629674902
189,Roald,62.5833,6.1333,51.94,87,9,13.8,NO,1629674902
190,Stepantsevo,56.1314,41.7032,54.0,89,22,4.56,RU,1629674903
191,Gushikawa,26.3544,127.8686,85.23,85,1,10.36,JP,1629674903
192,Cintalapa,16.6951,-93.7272,76.93,90,100,3.71,MX,1629674904
193,Narsaq,60.9167,-46.05,55.62,70,27,3.02,GL,1629674905
194,Dwārka,22.2394,68.9678,81.09,81,100,14.43,IN,1629674905
195,Palmer,42.1584,-72.3287,72.63,85,90,7.0,US,1629674905
196,State College,40.7934,-77.86,74.82,92,90,1.01,US,1629674698
197,Alyangula,-13.8483,136.4192,82.27,74,14,10.36,AU,1629674906
198,Cairns,-16.9167,145.7667,80.11,73,40,9.22,AU,1629674729
199,Mago,53.2514,140.1822,71.19,59,5,5.37,RU,1629674907
200,Dutlwe,-23.9833,23.9,66.02,26,5,10.51,BW,1629674907
201,Coquimbo,-29.9533,-71.3436,55.13,87,0,10.36,CL,1629674908
202,Sinnai,39.3042,9.2036,75.65,73,0,8.05,IT,1629674908
203,Pochinki,54.6988,44.8668,57.04,84,68,3.09,RU,1629674909
204,Clyde River,70.4692,-68.5914,39.33,90,100,5.46,CA,1629674909
205,San Miguel de Tucumán,-26.8241,-65.2226,68.0,28,0,5.75,AR,1629674704
206,Ouro Preto do Oeste,-10.7481,-62.2158,86.25,23,69,3.11,BR,1629674909
207,Yumen,40.2833,97.2,56.28,26,0,6.85,CN,1629674909
208,Port Elizabeth,-33.918,25.5701,47.1,93,0,3.44,ZA,1629674910
209,Honolulu,21.3069,-157.8583,91.22,56,75,1.99,US,1629674809
210,Kānker,20.2719,81.4931,73.44,90,27,3.6,IN,1629674912
211,Conceição do Araguaia,-8.2578,-49.2647,87.93,37,0,3.44,BR,1629674912
212,Tokonou,9.65,-9.7833,69.58,94,98,3.24,GN,1629674913
213,Lodja,-3.4833,23.4333,70.7,80,62,1.14,CD,1629674913
214,Sitka,57.0531,-135.33,64.29,59,20,13.8,US,1629674718
215,Port Macquarie,-31.4333,152.9167,64.36,77,99,9.22,AU,1629674788
216,Richards Bay,-28.783,32.0377,62.96,75,100,2.17,ZA,1629674914
217,Provideniya,64.3833,-173.3,50.11,71,20,8.95,RU,1629674915
218,Dickinson,29.4608,-95.0513,95.25,62,20,1.99,US,1629674689
219,Adet,11.2644,37.4888,56.21,89,100,3.87,ET,1629674916
220,Prachuap Khiri Khan,12.2167,99.75,75.51,85,100,3.8,TH,1629674916
221,Erice,38.037,12.5865,67.37,100,0,3.44,IT,1629674917
222,Esperance,-33.8667,121.9,51.64,51,98,5.03,AU,1629674917
223,Synya,65.3718,58.0387,63.73,90,97,9.46,RU,1629674918
224,Isiro,2.7739,27.616,63.61,99,98,2.19,CD,1629674918
225,Tigil',57.8,158.6667,63.01,66,100,9.17,RU,1629674918
226,Portland,45.5234,-122.6762,71.1,56,90,1.01,US,1629674522
227,Beringovskiy,63.05,179.3167,51.67,84,31,5.46,RU,1629674919
228,Oktyabr'skiy,54.4815,53.471,70.39,44,69,3.62,RU,1629674919
229,Saint Anthony,45.0205,-93.218,78.58,48,1,3.0,US,1629674919
230,Burnie,-41.0667,145.9167,47.43,85,81,12.62,AU,1629674920
231,Mae Sot,16.7167,98.5667,75.15,100,90,4.61,TH,1629674921
232,Ambon City,-3.6954,128.1814,75.34,100,40,2.3,ID,1629674921
233,Lucea,18.451,-78.1736,84.06,82,82,11.56,JM,1629674922
234,Dingcheng,32.1272,115.0394,74.25,99,100,5.53,CN,1629674923
235,Khiri Mat,16.8333,99.8,80.64,83,82,3.6,TH,1629674769
236,Whitehorse,60.7161,-135.0538,60.1,38,20,2.3,CA,1629674924
237,Dubti,11.7361,41.0853,87.6,43,80,6.08,ET,1629674925
238,Poum,-20.2333,164.0167,72.21,62,2,12.53,NC,1629674925
239,Padilla,3.2204,-76.3139,81.97,78,46,1.95,CO,1629674926
240,Vikhorevka,56.1201,101.1636,47.79,86,40,4.72,RU,1629674926
241,Anloga,5.7947,0.8973,77.22,86,54,5.14,GH,1629674927
242,Palembang,-2.9167,104.7458,75.29,94,40,3.44,ID,1629674928
243,Hamilton,39.1834,-84.5333,90.09,59,90,5.75,US,1629674654
244,Pevek,69.7008,170.3133,39.81,87,98,3.44,RU,1629674928
245,Lahaina,20.8783,-156.6825,87.04,74,5,12.5,US,1629674928
246,Kralendijk,12.15,-68.2667,82.85,83,37,18.7,BQ,1629674929
247,Cidreira,-30.1811,-50.2056,71.19,61,5,6.42,BR,1629674929
248,Løpsmarka,67.3134,14.4493,49.6,85,75,1.01,NO,1629674929
249,Oranjemund,-28.55,16.4333,53.38,77,0,11.3,NA,1629674930
250,Xinqing,48.2333,129.5,61.75,96,100,10.78,CN,1629674931
251,Taitung City,22.7583,121.1444,82.67,74,40,4.61,TW,1629674932
252,Okhotsk,59.3833,143.3,60.06,93,100,3.49,RU,1629674933
253,Havre-St-Pierre,50.2334,-63.5986,64.76,77,1,2.3,CA,1629674934
254,Qui Nhon,13.7667,109.2333,78.6,83,98,5.35,VN,1629674934
255,Āsosa,10.0667,34.5333,59.56,97,100,4.23,ET,1629674936
256,Kapustin Yar,48.5831,45.7372,78.49,43,96,7.47,RU,1629674937
257,Carutapera,-1.195,-46.02,77.43,84,20,7.45,BR,1629674937
258,Kindu,-2.95,25.95,70.09,97,100,3.11,CD,1629674938
259,Nikolskoye,59.7035,30.7861,56.01,98,79,5.21,RU,1629674938
260,Hervey Bay,-25.2986,152.8535,71.71,69,1,8.66,AU,1629674938
261,Tessalit,20.1986,1.0114,83.97,44,74,16.55,ML,1629674939
262,Harper,4.375,-7.7169,75.63,88,95,3.6,LR,1629674939
263,Panguipulli,-39.6333,-72.3333,37.11,96,52,0.43,CL,1629674939
264,Pacific Grove,36.6177,-121.9166,79.75,76,20,4.0,US,1629674939
265,Zomin,39.9606,68.3958,75.04,25,0,4.52,UZ,1629674940
266,Kuril'sk,45.2333,147.8833,59.18,77,96,1.39,RU,1629674941
267,Ahipara,-35.1667,173.1667,58.57,53,97,10.07,NZ,1629674942
268,Atar,20.5169,-13.0499,97.48,11,31,14.18,MR,1629674942
269,Kalemie,-5.9475,29.1947,74.55,55,9,2.26,CD,1629674943
270,Kholodnyy,62.7167,147.95,66.4,73,100,5.86,RU,1629674944
271,Opochka,56.7105,28.6617,50.9,87,88,5.48,RU,1629674944
272,College,64.8569,-147.8028,62.92,57,75,3.44,US,1629674945
273,Colac,-38.3333,143.5833,49.62,90,43,7.11,AU,1629674945
274,Thinadhoo,0.5333,72.9333,81.82,74,20,10.74,MV,1629674946
275,Nioro,13.35,-15.75,75.02,94,100,9.8,GM,1629674946
276,Belyy Yar,53.6039,91.3903,39.09,100,1,4.47,RU,1629674947
277,Port Antonio,18.18,-76.4612,85.91,77,98,6.13,JM,1629674948
278,Kalya,12.9793,77.1806,68.0,91,81,5.08,IN,1629674948
279,Morón,-34.6534,-58.6198,62.96,36,2,3.0,AR,1629674948
280,Pandan,14.0453,124.1694,80.73,84,100,3.09,PH,1629674949
281,Rockport,28.0206,-97.0544,93.31,65,1,1.99,US,1629674949
282,Ferreira do Alentejo,38.05,-8.0333,72.99,53,0,6.91,PT,1629674949
283,Isangel,-19.55,169.2667,77.11,57,40,9.22,VU,1629674950
284,Gao,16.6362,1.637,89.33,47,0,6.51,ML,1629674951
285,Oxelösund,58.6706,17.1015,46.33,93,0,1.14,SE,1629674952
286,Charters Towers,-20.1,146.2667,69.3,65,21,11.39,AU,1629674953
287,Hong Kong,22.2855,114.1577,87.96,84,83,10.42,HK,1629674841
288,Sohag,26.557,31.6948,84.49,22,0,8.57,EG,1629674954
289,Lompoc,34.6391,-120.4579,79.57,70,1,10.36,US,1629674955
290,Avarua,-21.2078,-159.775,77.05,88,90,4.61,CK,1629674955
291,Kavaratti,10.5669,72.642,81.0,78,82,10.33,IN,1629674955
292,Oruro,-17.9833,-67.15,51.37,8,0,9.15,BO,1629674956
293,Koslan,63.4564,48.8989,60.78,96,72,10.83,RU,1629674957
294,Comodoro Rivadavia,-45.8667,-67.5,40.86,93,90,6.91,AR,1629674957
295,Belaya Gora,68.5333,146.4167,54.45,83,100,8.57,RU,1629674958
296,Omboué,-1.5746,9.2618,73.78,81,85,7.05,GA,1629674958
297,Morehead,37.2711,-87.1764,89.94,68,1,0.0,US,1629674958
298,Anadyr,64.75,177.4833,52.3,82,20,11.18,RU,1629674959
299,Cap Malheureux,-19.9842,57.6142,70.29,69,6,1.99,MU,1629674959
300,Kalyazin,57.2403,37.8433,49.89,90,50,6.15,RU,1629674960
301,Lavrentiya,65.5833,-171.0,50.7,77,51,3.22,RU,1629674960
302,Cedar City,37.6775,-113.0619,83.39,22,20,13.8,US,1629674961
303,Champerico,14.3,-91.9167,85.35,79,99,7.9,GT,1629674962
304,Marijampolė,54.5667,23.35,50.07,87,5,0.96,LT,1629674964
305,Kendari,-3.945,122.4989,73.56,86,20,2.46,ID,1629674965
306,San Quintín,30.4833,-115.95,72.16,60,0,14.05,MX,1629674965
307,Pangody,65.85,74.4859,62.2,62,99,7.27,RU,1629674966
308,Port Blair,11.6667,92.75,79.99,80,82,8.63,IN,1629674967
309,Ukiah,39.1502,-123.2078,93.13,34,1,13.8,US,1629674967
310,Olafsvik,64.8945,-23.7142,55.94,90,100,13.09,IS,1629674968
311,Guerrero Negro,27.9769,-114.0611,75.65,57,0,17.96,MX,1629674968
312,Huicungo,-7.2833,-76.8,80.4,60,29,1.14,PE,1629674969
313,Ürümqi,43.801,87.6005,61.75,36,0,6.71,CN,1629674775
314,Severodvinsk,64.5635,39.8302,53.71,95,74,9.33,RU,1629674880
315,Half Moon Bay,37.4636,-122.4286,85.8,65,20,1.01,US,1629674969
316,Rørvik,64.8621,11.2373,52.68,69,68,12.12,NO,1629674969
317,Chokurdakh,70.6333,147.9167,37.08,93,100,15.59,RU,1629674970
318,Mbumi,-7.9058,39.2105,70.39,88,6,3.67,TZ,1629674832
319,Avdeyevka,48.1399,37.7426,70.29,48,92,7.65,UA,1629674970
320,Avera,33.194,-82.5271,85.51,65,82,6.13,US,1629674970
321,Abu Samrah,35.3029,37.1841,80.6,41,0,7.23,SY,1629674971
322,Puerto Madero,14.7208,-92.4215,84.4,84,75,6.91,MX,1629674972
323,Katobu,-4.9408,122.5276,74.16,83,49,2.73,ID,1629674973
324,Saldanha,-33.0117,17.9442,44.65,81,0,9.06,ZA,1629674973
325,Jaciara,-15.9653,-54.9683,83.28,25,0,3.04,BR,1629674974
326,Fairbanks,64.8378,-147.7164,63.61,57,20,0.0,US,1629674789
327,Dhidhdhoo,6.8833,73.1,80.49,76,62,6.02,MV,1629674975
328,Fukuechō,32.6881,128.8419,80.96,100,75,5.75,JP,1629674976
329,Grand-Santi,4.25,-54.3833,80.83,66,60,1.97,GF,1629674976
330,Hoopstad,-27.8327,25.9083,57.47,36,19,5.97,ZA,1629674977
331,Mlonggo,-6.5333,110.7,75.09,81,91,6.73,ID,1629674977
332,Dāmghān,36.1683,54.348,75.29,38,7,4.99,IR,1629674978
333,Say,13.1007,2.3689,82.96,73,81,7.0,NE,1629674979
334,San Ignacio,17.1561,-89.0714,75.34,94,0,4.61,BZ,1629674979
335,Semnan,35.5729,53.3971,77.29,33,18,6.71,IR,1629674981
336,São Filipe,14.8961,-24.4956,79.11,89,75,12.28,CV,1629674982
337,Dunedin,-45.8742,170.5036,55.35,65,60,2.37,NZ,1629674983
338,Gáldar,28.147,-15.6502,70.36,79,7,13.06,ES,1629674703
339,Kupang,-10.1667,123.5833,75.78,83,20,4.61,ID,1629674984
340,Juneau,58.3019,-134.4197,69.85,65,20,9.22,US,1629674984
341,Cayenne,4.9333,-52.3333,81.09,83,8,1.99,GF,1629674985
342,Port Hardy,50.6996,-127.4199,60.98,67,75,14.97,CA,1629674986
343,Severo-Kuril'sk,50.6789,156.125,55.08,94,82,5.57,RU,1629674986
344,Tezu,27.9167,96.1667,75.4,99,100,2.77,IN,1629674986
345,Sumbe,-11.2061,13.8437,70.65,87,90,7.18,AO,1629674987
346,Québec,46.8123,-71.2145,81.99,70,75,1.01,CA,1629674767
347,Tual,-5.6667,132.75,80.13,81,99,12.8,ID,1629674988
348,Kumul,42.8,93.45,65.37,24,0,16.4,CN,1629674988
349,Constantine,36.365,6.6147,76.41,25,0,6.91,DZ,1629674989
350,Sørland,67.667,12.6934,50.9,80,56,8.95,NO,1629674989
351,Usinsk,65.9939,57.5281,59.95,97,100,11.7,RU,1629674990
352,Felipe Carrillo Puerto,19.5833,-88.05,80.01,81,100,7.31,MX,1629674990
353,The Pas,53.8251,-101.2541,62.62,51,90,8.01,CA,1629674990
354,Inuvik,68.3499,-133.7218,56.26,62,75,4.61,CA,1629674990
355,Fort Nelson,58.8053,-122.7002,51.39,66,75,6.91,CA,1629674991
356,Vieux Fort,13.7167,-60.95,79.92,89,75,19.57,LC,1629674991
357,La Libertad,-2.2333,-80.9,68.99,84,92,12.75,EC,1629674991
358,Walvis Bay,-22.9575,14.5053,55.09,87,6,6.91,NA,1629674992
359,Olinda,-8.0089,-34.8553,76.73,73,75,10.36,BR,1629674993
360,Troy,42.6056,-83.1499,86.68,74,67,1.01,US,1629674990
361,Muzhi,65.3667,64.6667,60.55,91,97,5.14,RU,1629674994
362,Panzhihua,26.5851,101.7128,71.76,96,100,1.68,CN,1629674994
363,Molteno,-31.3968,26.3625,41.52,54,0,4.23,ZA,1629674995
364,Baykit,61.67,96.37,52.36,89,95,2.55,RU,1629674996
365,Coron,11.9986,120.2043,79.5,85,99,6.08,PH,1629674996
366,San Ignacio Río Muerto,27.4167,-110.2333,108.12,30,2,18.59,MX,1629674997
367,Klyuchi,52.2667,79.1667,55.58,57,0,8.39,RU,1629674997
368,Misratah,32.3754,15.0925,80.65,66,0,7.67,LY,1629674998
369,Thompson,55.7435,-97.8558,59.16,55,90,5.75,CA,1629674998
370,San Miguel de Cozumel,20.5083,-86.9458,85.98,88,90,1.01,MX,1629674999
371,Baiquan,47.5833,126.0833,65.5,85,0,3.96,CN,1629675000
372,Kieta,-6.2167,155.6333,83.7,72,69,7.61,PG,1629675000
373,Xining,36.6167,101.7667,51.8,85,11,2.66,CN,1629675000
374,Rantepao,-2.9701,119.8978,71.19,84,84,1.23,ID,1629675001
375,Alofi,-19.0595,-169.9187,76.89,83,12,10.36,NU,1629675001
376,Camacha,33.0833,-16.3333,69.22,73,20,8.05,PT,1629675001
377,Kahului,20.8947,-156.47,87.06,79,40,18.41,US,1629674716
378,Zachary,30.6485,-91.1565,94.66,52,1,8.05,US,1629675005
379,Kachug,53.9606,105.8817,55.71,88,81,6.91,RU,1629675005
380,Örebro,59.2741,15.2066,48.38,93,29,2.3,SE,1629675006
381,Ucluelet,48.9329,-125.5528,69.1,68,31,12.73,CA,1629674831
382,Lhokseumawe,5.1801,97.1507,75.43,87,100,3.8,ID,1629675007
383,Chumikan,54.7183,135.315,56.8,95,100,11.32,RU,1629675008
384,Kavieng,-2.5744,150.7967,83.52,69,94,4.79,PG,1629675009
385,Kapuskasing,49.4169,-82.4331,73.49,53,1,1.14,CA,1629675009
386,Santa Maria,-29.6842,-53.8069,65.5,82,0,2.3,BR,1629675010
387,Poya,-21.35,165.15,74.44,55,4,6.08,NC,1629675012
388,Narón,43.5167,-8.1528,68.59,83,32,13.89,ES,1629675015
389,Olsztyn,53.7799,20.4942,57.16,83,100,5.46,PL,1629675016
390,Totness,5.8833,-56.3167,79.56,88,76,10.69,SR,1629675017
391,Almenara,-16.1836,-40.6944,69.49,76,83,3.96,BR,1629675018
392,Meulaboh,4.1363,96.1285,76.62,86,100,3.87,ID,1629675018
393,Porto Tolle,44.9497,12.3245,77.11,71,47,3.76,IT,1629675019
394,Dudinka,69.4058,86.1778,51.82,98,98,5.79,RU,1629675021
395,Santa Rosalía,27.3167,-112.2833,90.61,32,0,5.84,MX,1629675021
396,Mossamedes,-15.1961,12.1522,59.59,86,3,4.68,AO,1629675022
397,Arrondissement de Verdun,49.25,5.3333,61.16,97,42,7.9,FR,1629675022
398,Viseu,40.661,-7.9097,69.69,73,0,3.33,PT,1629675022
399,Najrān,17.4924,44.1277,77.65,28,86,3.11,SA,1629675023
400,San Rafael,-34.6177,-68.3301,56.62,23,44,4.03,AR,1629675023
401,Coyhaique,-45.5752,-72.0662,35.55,69,40,3.44,CL,1629675023
402,Vestmanna,62.1564,-7.1664,50.92,100,90,6.91,FO,1629675024
403,Wajir,1.7471,40.0573,74.25,62,5,15.01,KE,1629675024
404,Bartica,6.4,-58.6167,77.32,98,88,2.84,GY,1629675025
405,Ambulu,-8.345,113.6058,74.88,79,88,3.11,ID,1629675026
406,Tutóia,-2.7619,-42.2744,79.29,79,3,12.44,BR,1629675027
407,Coahuayana Viejo,18.7333,-103.6833,83.68,92,100,2.24,MX,1629675027
408,Laredo,27.5064,-99.5075,100.4,35,40,16.11,US,1629675028
409,Ta Khmau,11.4833,104.95,80.65,83,40,2.3,KH,1629675028
410,Manado,1.487,124.8455,75.97,94,40,0.0,ID,1629675029
411,Araouane,18.9048,-3.5265,92.43,34,23,6.49,ML,1629675029
412,Bachaquero,9.9694,-71.1494,85.08,72,66,6.78,VE,1629675030
413,Severomuysk,56.1481,113.4267,45.21,95,99,4.54,RU,1629675030
414,Orcopampa,-15.2661,-72.3417,49.93,22,33,5.48,PE,1629675032
415,Makkah al Mukarramah,21.4267,39.8261,91.18,30,45,4.68,SA,1629675033
416,Sisimiut,66.9395,-53.6735,45.34,86,74,0.27,GL,1629675033
417,Hambantota,6.1241,81.1185,78.49,84,100,9.51,LK,1629675033
418,Bonthe,7.5264,-12.505,75.54,91,100,7.38,SL,1629675034
419,Hobyo,5.3505,48.5268,76.78,87,5,21.39,SO,1629675034
420,Kaeo,-35.1,173.7833,59.32,69,100,10.78,NZ,1629675034
421,Biasong,10.5229,123.736,80.53,76,87,1.23,PH,1629675034
422,Palafrugell,41.9174,3.1631,76.57,68,1,4.85,ES,1629675035
423,Abilene,32.4487,-99.7331,97.29,33,1,1.01,US,1629674788
424,Hay River,60.8156,-115.7999,49.98,71,75,8.05,CA,1629674780
425,Enshi,30.3,109.4833,75.42,98,100,2.04,CN,1629675035
426,El Sauzal de Rodríguez,31.9,-116.6833,70.83,68,0,10.4,MX,1629675036
427,Chifeng,42.2683,118.9636,65.23,64,0,5.37,CN,1629674861
428,Saurimo,-9.6608,20.3916,72.86,56,94,3.6,AO,1629675038
429,Asbestovskiy,57.7557,61.3967,64.94,54,1,6.06,RU,1629675038
430,Youghal,51.95,-7.8506,63.61,100,81,1.77,IE,1629675040
431,Shizuishan,39.2333,106.7694,69.49,22,98,11.54,CN,1629675040
432,Kushva,58.2906,59.7592,65.16,49,0,5.57,RU,1629675041
433,Sal Rei,16.1833,-22.9167,81.16,88,18,13.06,CV,1629675041
434,Bakel,14.905,-12.4568,81.41,84,35,13.96,SN,1629675042
435,Tefé,-3.3542,-64.7114,84.22,46,71,1.07,BR,1629675042
436,Lata,40.1629,-8.3327,66.04,83,0,2.62,PT,1629675043
437,Margate,51.3813,1.3862,63.7,91,93,4.0,GB,1629675043
438,Nome,64.5011,-165.4064,57.16,62,1,5.75,US,1629675044
439,Rāzampeta,14.1833,79.1667,77.67,79,68,2.28,IN,1629675044
440,Yulara,-25.2406,130.9889,53.44,43,0,17.27,AU,1629675044
441,Iberia,29.9502,-91.7507,94.1,58,1,10.36,US,1629675045
442,Abadan,38.0507,58.2056,80.33,24,0,6.91,TM,1629675045
443,Doha,25.2867,51.5333,93.09,71,0,2.3,QA,1629675045
444,Bubaque,11.2833,-15.8333,79.38,79,100,10.18,GW,1629675046
445,Pavlodar,52.3,76.95,51.6,82,0,6.71,KZ,1629675046
446,Rosetta,31.4044,30.4164,78.62,72,0,13.27,EG,1629675046
447,Médéa,36.2642,2.7539,64.85,33,100,1.59,DZ,1629675048
448,Beyneu,45.3167,55.2,80.62,21,0,3.29,KZ,1629675049
449,Saint-Joseph,-21.3667,55.6167,62.96,67,0,7.56,RE,1629675049
450,Jardim,-21.4803,-56.1381,79.27,29,0,4.03,BR,1629675050
451,Masuguru,-11.3667,38.4167,72.05,80,2,5.06,TZ,1629674833
452,Marawi,7.9986,124.2928,67.64,84,66,0.94,PH,1629675051
453,Peace River,56.2501,-117.286,48.51,93,90,23.02,CA,1629674860
454,Emerald,-23.5333,148.1667,66.34,77,90,9.22,AU,1629675052
455,Lakes Entrance,-37.8811,147.981,51.19,87,99,17.92,AU,1629675053
456,Yagodnoye,62.55,149.6667,74.28,55,99,3.33,RU,1629675054
457,Porto-Novo,6.4965,2.6036,76.82,93,100,5.01,BJ,1629675054
458,Launceston,-41.45,147.1667,53.24,86,90,4.0,AU,1629675055
459,Calatayud,41.3535,-1.6432,72.18,65,26,3.31,ES,1629675055
460,Arrondissement du Havre,49.5833,0.3333,63.0,82,90,8.05,FR,1629675055
461,Durban,-29.8579,31.0292,62.02,80,97,3.0,ZA,1629674994
462,Puerto Ayacucho,5.6639,-67.6236,78.13,87,100,3.53,VE,1629675056
463,Yarensk,62.1675,49.0916,59.83,97,70,9.35,RU,1629675056
464,Aykhal,66.0,111.5,55.67,53,71,9.22,RU,1629675056
465,Makakilo City,21.3469,-158.0858,89.92,49,20,9.22,US,1629674882
466,Erenhot,43.6475,111.9767,69.06,25,25,19.15,CN,1629675057
467,Dubuque,42.4833,-90.8668,79.56,60,1,3.44,US,1629674630
468,Ballina,-28.8667,153.5667,71.56,60,7,11.5,AU,1629675057
469,Jinan,36.6683,116.9972,72.32,82,100,8.05,CN,1629675058
470,Vestmannaeyjar,63.4427,-20.2734,54.99,97,100,22.93,IS,1629675058
471,Águas Vermelhas,-15.7472,-41.46,60.67,92,24,4.97,BR,1629675059
472,Sambava,-14.2667,50.1667,66.25,85,31,10.31,MG,1629675060
473,Salaga,8.5508,-0.5188,73.27,94,89,4.41,GH,1629675061
474,Lagoa,39.05,-27.9833,73.67,90,63,13.24,PT,1629675061
475,Bereda,43.2686,-7.5406,64.15,99,60,7.87,ES,1629675062
476,Aljezur,37.3191,-8.8033,64.76,86,1,8.86,PT,1629675062
477,Qaqortoq,60.7167,-46.0333,55.9,79,56,3.87,GL,1629675063
478,Ząbkowice Śląskie,50.5897,16.8124,62.8,93,100,3.76,PL,1629675064
479,Xingcheng,40.6167,120.7167,78.51,85,80,13.91,CN,1629675064
480,Sorong,-0.8833,131.25,79.11,85,97,8.08,ID,1629675065
481,Ashland,40.8167,-82.2665,82.99,81,0,3.74,US,1629675065
482,Tocopilla,-22.092,-70.1979,62.28,72,19,6.35,CL,1629675066
483,Along,28.1667,94.7667,74.26,99,100,0.29,IN,1629675066
484,Emirdağ,39.0197,31.15,63.7,75,41,3.42,TR,1629675067
485,Kabinda,-6.1333,24.4833,71.82,63,22,4.54,CD,1629675067
486,Porto Velho,-8.7619,-63.9039,84.25,65,32,0.0,BR,1629675067
487,Vadsø,70.0744,29.7487,43.68,77,97,9.33,NO,1629675067
488,Mwanza,-2.5167,32.9,71.94,74,15,3.02,TZ,1629675068
489,Gamba,-2.65,10.0,72.07,82,52,6.2,GA,1629675068
490,Puerto El Triunfo,13.2833,-88.55,88.66,79,96,4.16,SV,1629675068
491,Sassandra,4.95,-6.0833,73.67,91,87,2.93,CI,1629675069
492,Ajdabiya,30.7554,20.2263,78.53,50,0,9.28,LY,1629675069
493,Sawākin,19.1059,37.3321,89.24,55,60,6.53,SD,1629675069
494,Görele,41.0308,39.0031,71.04,88,97,2.82,TR,1629675008
495,Hue,16.4667,107.6,82.51,69,20,5.75,VN,1629675072
496,Nichinan,31.6,131.3667,80.28,83,98,6.02,JP,1629675072
497,Xihe,31.6864,113.4659,74.79,97,100,4.9,CN,1629675073
498,San Cristobal,7.7669,-72.225,78.98,93,39,2.66,VE,1629675074
499,Benguela,-12.5763,13.4055,71.13,83,95,3.49,AO,1629675074
500,Noumea,-22.2763,166.4572,75.18,51,61,12.88,NC,1629675075
501,Jerome,42.7241,-114.5186,80.15,22,1,4.61,US,1629675075
502,Kapoeta,4.7717,33.5903,70.2,88,0,3.2,SS,1629675076
503,West Wendover,40.7391,-114.0733,78.01,29,1,9.22,US,1629675076
504,Yeruham,30.9872,34.9314,68.54,84,0,9.64,IL,1629675077
505,Skibbereen,51.55,-9.2667,64.2,91,77,1.54,IE,1629675077
506,Beni Suef,29.0731,31.0979,80.24,51,0,11.48,EG,1629675078
507,Chaihe,44.7667,129.7,67.91,81,44,9.48,CN,1629675078
508,Rāmpura,30.25,75.2333,76.51,91,9,5.53,IN,1629675078
509,‘Āhuimanu,21.4447,-157.8378,91.11,58,20,14.97,US,1629675078
510,Ha Giang,22.8333,104.9833,79.75,96,83,0.31,VN,1629675079
511,Khovd,48.0056,91.6419,48.83,64,41,2.84,MN,1629675079
512,Garoowe,8.4054,48.4845,75.31,69,47,17.65,SO,1629675079
513,Katima Mulilo,-17.5,24.2667,65.79,41,2,5.39,NA,1629675080
514,Atasū,48.6814,71.6433,61.99,50,0,11.83,KZ,1629675080
515,Tucumcari,35.1717,-103.725,93.04,27,1,21.85,US,1629675081
516,Pimentel,-6.8367,-79.9342,64.69,83,0,5.01,PE,1629675082
517,Narva-Jõesuu,59.4589,28.0408,57.04,87,64,13.82,EE,1629675082
518,Woodstock,43.1334,-80.7497,83.8,72,30,2.04,CA,1629674714
519,Teguise,29.0605,-13.564,68.22,78,20,18.41,ES,1629675084
520,Dicabisagan,17.0818,122.4157,83.75,75,95,6.22,PH,1629675085
521,Sidi Ali,36.0998,0.4206,81.0,60,61,5.03,DZ,1629675085
522,Ust-Kuyga,70.0167,135.6,47.16,89,100,3.87,RU,1629675086
523,Flin Flon,54.7682,-101.865,64.24,34,90,3.44,CA,1629675086
524,Taoudenni,22.6783,-3.9836,92.93,36,7,28.77,ML,1629675087
525,Nyurba,63.2842,118.3319,53.71,65,2,4.32,RU,1629675088
526,Liepāja,56.5419,21.0367,51.85,93,4,2.3,LV,1629675088
527,Xai-Xai,-25.0519,33.6442,66.09,77,30,8.52,MZ,1629675089
528,Magrath,49.4167,-112.8686,73.08,30,28,16.11,CA,1629675089
529,São João da Barra,-21.6403,-41.0511,71.76,84,0,20.83,BR,1629675089
530,Gazli,40.1333,63.45,79.92,22,0,8.25,UZ,1629675090
531,Silvassa,20.2667,73.0167,74.64,93,28,4.68,IN,1629675090
532,Mayo,38.8876,-76.5119,79.21,88,1,1.99,US,1629675090
533,Monte Alegre,-2.0078,-54.0692,81.39,56,24,5.1,BR,1629675090
534,Golub-Dobrzyń,53.1109,19.0538,60.4,83,100,7.78,PL,1629675091
535,Puyang,29.4603,119.8861,79.52,92,100,2.8,CN,1629675091
536,Mangan,27.5167,88.5333,75.7,97,100,0.72,IN,1629675091
537,Kitami,43.8031,143.8908,63.86,96,100,6.64,JP,1629675092
538,Weligama,5.9667,80.4167,77.79,84,100,5.61,LK,1629675092
539,Turan,16.0678,108.2208,82.45,83,20,3.44,VN,1629675093
540,Horodyshche,49.2849,31.4451,58.21,65,32,3.06,UA,1629675094
541,Vardø,70.3705,31.1107,44.33,72,100,14.65,NO,1629675094
542,Serdobsk,52.4586,44.2169,61.03,71,54,3.11,RU,1629675095
543,Sajanan,37.0573,9.2426,71.87,56,0,2.84,TN,1629675095
544,Kloulklubed,7.0419,134.2556,84.7,69,87,4.61,PW,1629675096
545,La Ronge,55.1001,-105.2842,62.82,48,75,8.05,CA,1629675096
546,Alekseyevsk,57.8406,108.3492,60.42,64,66,3.29,RU,1629675097
547,Jacareacanga,-6.2222,-57.7528,83.05,34,1,2.24,BR,1629675097
548,Faanui,-16.4833,-151.75,78.19,78,7,12.37,PF,1629675098
549,Vila do Maio,15.1333,-23.2167,83.19,88,56,15.77,CV,1629675098
550,Petropavlovsk-Kamchatskiy,53.0452,158.6483,59.59,94,75,2.24,RU,1629675098
551,Cabo San Lucas,22.8909,-109.9124,93.51,75,90,1.99,MX,1629674800
552,Oriximiná,-1.7656,-55.8661,84.29,50,57,1.9,BR,1629675099
553,Gómez Palacio,25.5667,-103.5,93.07,24,40,9.22,MX,1629675100
554,Balsas,-7.5325,-46.0356,84.13,28,23,4.32,BR,1629675100
555,Palora,-1.7,-77.9333,75.31,95,61,2.84,EC,1629675100
556,Belfast,54.5833,-5.9333,56.37,94,31,2.3,GB,1629674990
557,Şile,41.1754,29.6133,75.56,65,2,4.0,TR,1629675101
558,Sarangani,5.4033,125.4636,82.0,73,98,5.1,PH,1629675101
559,Inhambane,-23.865,35.3833,70.05,76,68,11.9,MZ,1629675101
560,Pemangkat,1.1667,108.9667,77.16,85,100,4.9,ID,1629675102
561,Geraldton,-28.7667,114.6,48.61,76,35,10.36,AU,1629675102
562,Torbay,47.6666,-52.7314,53.67,86,75,5.75,CA,1629675102
563,General Roca,-39.0333,-67.5833,50.4,36,0,21.94,AR,1629675103
564,Malabo,3.75,8.7833,73.26,83,20,5.75,GQ,1629675103
565,Dukat,62.55,155.55,71.64,56,98,5.77,RU,1629675103
566,Bandi̇̄pur,27.9333,84.4167,67.86,94,100,2.15,NP,1629675104
567,Nishifukuma,33.7667,130.4667,80.6,86,100,4.74,JP,1629675104
568,Uthal,25.8072,66.6219,78.75,84,44,3.06,PK,1629675105
569,Krasnosel'kup,65.7,82.4667,55.98,79,59,1.48,RU,1629675106
570,Calbuco,-41.768,-73.1273,42.01,75,88,5.12,CL,1629675106
571,Grindavik,63.8424,-22.4338,55.87,94,90,21.85,IS,1629675107
572,Rome,43.2128,-75.4557,82.54,81,90,3.44,US,1629675108
573,Kiruna,67.8557,20.2251,40.12,93,90,3.44,SE,1629675109
574,Aromashevo,56.8602,68.6375,68.94,55,1,5.35,RU,1629675110
575,Grand Gaube,-20.0064,57.6608,70.2,69,4,1.99,MU,1629675111
576,Skjervøy,70.0311,20.9714,46.62,79,99,6.82,NO,1629675111
577,Huadian,42.9633,126.7478,70.12,85,63,6.02,CN,1629675112
578,Broken Hill,-31.95,141.4333,49.71,71,75,14.97,AU,1629675082
579,Amahai,-3.3333,128.9167,79.12,83,100,1.05,ID,1629675112
580,Impfondo,1.6381,18.0667,75.06,73,73,1.63,CG,1629675112
581,Constitución,-35.3333,-72.4167,48.13,77,29,9.13,CL,1629675113
582,Lorengau,-2.0226,147.2712,80.85,81,100,7.65,PG,1629675113
583,Chabahar,25.2919,60.643,78.62,88,61,8.88,IR,1629675113
584,Togur,58.3631,82.8265,60.15,99,100,6.06,RU,1629675114
